,precision,recall,f1-score,support
0,0.1,1.0,0.18181818181818182,10.0
1,0.0,0.0,0.0,9.0
2,0.0,0.0,0.0,10.0
3,0.0,0.0,0.0,8.0
4,0.0,0.0,0.0,7.0
5,0.0,0.0,0.0,9.0
6,0.0,0.0,0.0,18.0
7,0.0,0.0,0.0,11.0
8,0.0,0.0,0.0,8.0
9,0.0,0.0,0.0,10.0
accuracy,0.1,0.1,0.1,0.1
macro avg,0.01,0.1,0.01818181818181818,100.0
weighted avg,0.01,0.1,0.018181818181818184,100.0
